Title,Rating,Colors,Size,Gender,Timestamp,Price
T-shirt 2,3.9,3,M,Women,2026-02-11 06:57:33,1634400.0
Hoodie 3,4.8,3,L,Unisex,2026-02-11 06:57:33,7950080.0
Pants 4,3.3,3,XL,Men,2026-02-11 06:57:33,7476960.0
Outerwear 5,3.5,3,XXL,Women,2026-02-11 06:57:33,5145440.0
Jacket 6,3.3,3,S,Unisex,2026-02-11 06:57:33,2453920.0
Crewneck 7,4.3,3,M,Men,2026-02-11 06:57:33,6892000.0
T-shirt 8,3.1,3,L,Women,2026-02-11 06:57:33,7802560.0
Hoodie 9,3.2,3,XL,Unisex,2026-02-11 06:57:33,3972160.0
Pants 10,4.2,3,XXL,Men,2026-02-11 06:57:33,3100160.0
Jacket 12,3.9,3,M,Unisex,2026-02-11 06:57:33,8527840.0
Crewneck 13,3.2,3,L,Men,2026-02-11 06:57:33,5447200.0
T-shirt 14,3.8,3,XL,Women,2026-02-11 06:57:33,3248800.0
Hoodie 15,3.6,3,XXL,Unisex,2026-02-11 06:57:33,2184160.0
Outerwear 17,3.8,3,M,Women,2026-02-11 06:57:33,841600.0
Jacket 18,3.8,3,L,Unisex,2026-02-11 06:57:33,5500000.0
Crewneck 19,3.6,3,XL,Men,2026-02-11 06:57:33,1308960.0
T-shirt 20,3.4,3,XXL,Women,2026-02-11 06:57:33,1325600.0
Pants 22,4.9,3,M,Men,2026-02-11 06:57:36,4319680.0
Outerwear 23,3.7,3,L,Women,2026-02-11 06:57:36,4655840.0
Jacket 24,3.9,3,XL,Unisex,2026-02-11 06:57:36,8223520.0
Crewneck 25,3.3,3,XXL,Men,2026-02-11 06:57:36,8322559.999999999
T-shirt 26,4.6,3,S,Women,2026-02-11 06:57:36,7292320.0
Hoodie 27,4.8,3,M,Unisex,2026-02-11 06:57:36,3551840.0
Pants 28,4.0,3,L,Men,2026-02-11 06:57:36,5216160.0
Outerwear 29,3.1,3,XL,Women,2026-02-11 06:57:36,861600.0
Jacket 30,3.7,3,XXL,Unisex,2026-02-11 06:57:36,8610240.0
T-shirt 32,3.4,3,M,Women,2026-02-11 06:57:36,6657920.0
Hoodie 33,3.5,3,L,Unisex,2026-02-11 06:57:36,7248160.0
Pants 34,3.8,3,XL,Men,2026-02-11 06:57:36,8362719.999999999
Outerwear 35,3.8,3,XXL,Women,2026-02-11 06:57:36,1356160.0
Jacket 36,3.7,3,S,Unisex,2026-02-11 06:57:36,7249280.0
Crewneck 37,4.0,3,M,Men,2026-02-11 06:57:36,6006080.0
T-shirt 38,3.2,3,L,Women,2026-02-11 06:57:36,4866080.0
Hoodie 39,4.6,3,XL,Unisex,2026-02-11 06:57:36,6431200.0
Pants 40,3.1,3,XXL,Men,2026-02-11 06:57:36,5853600.0
Jacket 42,3.7,3,M,Unisex,2026-02-11 06:57:38,6744160.0
Crewneck 43,4.5,3,L,Men,2026-02-11 06:57:38,2909600.0
T-shirt 44,3.0,3,XL,Women,2026-02-11 06:57:38,3312320.0
Hoodie 45,4.5,3,XXL,Unisex,2026-02-11 06:57:38,8693120.0
Outerwear 47,3.2,3,M,Women,2026-02-11 06:57:38,6364640.0
Jacket 48,3.4,3,L,Unisex,2026-02-11 06:57:38,4994720.0
Crewneck 49,4.0,3,XL,Men,2026-02-11 06:57:38,1071200.0
T-shirt 50,3.1,3,XXL,Women,2026-02-11 06:57:38,5932960.0
Pants 52,4.0,3,M,Men,2026-02-11 06:57:38,1596480.0
Outerwear 53,4.3,3,L,Women,2026-02-11 06:57:38,4470880.0
Jacket 54,4.2,3,XL,Unisex,2026-02-11 06:57:38,854560.0
Crewneck 55,3.6,3,XXL,Men,2026-02-11 06:57:38,1793760.0
T-shirt 56,3.8,3,S,Women,2026-02-11 06:57:38,4643040.0
Hoodie 57,4.9,3,M,Unisex,2026-02-11 06:57:38,3155360.0
Pants 58,4.4,3,L,Men,2026-02-11 06:57:38,1637760.0
Outerwear 59,4.6,3,XL,Women,2026-02-11 06:57:38,2254240.0
Jacket 60,4.2,3,XXL,Unisex,2026-02-11 06:57:38,3375520.0
T-shirt 62,3.8,3,M,Women,2026-02-11 06:57:41,1376480.0
Hoodie 63,3.6,3,L,Unisex,2026-02-11 06:57:41,6479200.0
Pants 64,4.0,3,XL,Men,2026-02-11 06:57:41,7728480.0
Outerwear 65,4.1,3,XXL,Women,2026-02-11 06:57:41,2385920.0
Jacket 66,3.5,3,S,Unisex,2026-02-11 06:57:41,4353120.0
Crewneck 67,3.5,3,M,Men,2026-02-11 06:57:41,8470720.0
T-shirt 68,4.0,3,L,Women,2026-02-11 06:57:41,8025280.0
Hoodie 69,3.6,3,XL,Unisex,2026-02-11 06:57:41,1027839.9999999999
Pants 70,4.4,3,XXL,Men,2026-02-11 06:57:41,1171360.0
Jacket 72,4.4,3,M,Unisex,2026-02-11 06:57:41,3776000.0
Crewneck 73,3.0,3,L,Men,2026-02-11 06:57:41,2460320.0
T-shirt 74,3.8,3,XL,Women,2026-02-11 06:57:41,7704800.0
Hoodie 75,4.3,3,XXL,Unisex,2026-02-11 06:57:41,2101760.0
Outerwear 77,3.7,3,M,Women,2026-02-11 06:57:41,861760.0
Jacket 78,4.3,3,L,Unisex,2026-02-11 06:57:41,2716480.0
Crewneck 79,4.6,3,XL,Men,2026-02-11 06:57:41,3309600.0
T-shirt 80,4.5,3,XXL,Women,2026-02-11 06:57:41,4178399.9999999995
Pants 82,4.8,3,M,Men,2026-02-11 06:57:44,8315520.0
Outerwear 83,3.7,3,L,Women,2026-02-11 06:57:44,3947840.0
Jacket 84,4.8,3,XL,Unisex,2026-02-11 06:57:44,2826080.0
Crewneck 85,3.5,3,XXL,Men,2026-02-11 06:57:44,4564160.0
T-shirt 86,3.9,3,S,Women,2026-02-11 06:57:44,1670880.0
Hoodie 87,4.3,3,M,Unisex,2026-02-11 06:57:44,7870240.0
Pants 88,3.1,3,L,Men,2026-02-11 06:57:44,7590400.0
Outerwear 89,3.0,3,XL,Women,2026-02-11 06:57:44,4856320.0
Jacket 90,4.0,3,XXL,Unisex,2026-02-11 06:57:44,7160000.0
T-shirt 92,3.5,3,M,Women,2026-02-11 06:57:44,5012320.0
Hoodie 93,3.6,3,L,Unisex,2026-02-11 06:57:44,1365280.0
Pants 94,4.3,3,XL,Men,2026-02-11 06:57:44,1074880.0
Outerwear 95,3.5,3,XXL,Women,2026-02-11 06:57:44,6062240.0
Jacket 96,4.9,3,S,Unisex,2026-02-11 06:57:44,4598240.0
Crewneck 97,3.9,3,M,Men,2026-02-11 06:57:44,6113120.0
T-shirt 98,3.1,3,L,Women,2026-02-11 06:57:44,8596960.0
Hoodie 99,3.6,3,XL,Unisex,2026-02-11 06:57:44,5028000.0
Pants 100,4.6,3,XXL,Men,2026-02-11 06:57:44,2217280.0
Jacket 102,3.3,3,M,Unisex,2026-02-11 06:57:46,3840640.0
Crewneck 103,3.5,3,L,Men,2026-02-11 06:57:46,2331680.0
T-shirt 104,3.8,3,XL,Women,2026-02-11 06:57:46,2374400.0
Hoodie 105,4.2,3,XXL,Unisex,2026-02-11 06:57:46,5019840.0
Outerwear 107,4.0,3,M,Women,2026-02-11 06:57:46,6625120.0
Jacket 108,4.8,3,L,Unisex,2026-02-11 06:57:46,5551680.0
Crewneck 109,3.3,3,XL,Men,2026-02-11 06:57:46,5886880.0
T-shirt 110,4.6,3,XXL,Women,2026-02-11 06:57:46,7197120.0
Pants 112,3.3,3,M,Men,2026-02-11 06:57:46,4261920.0
Outerwear 113,3.7,3,L,Women,2026-02-11 06:57:46,4472000.0
Jacket 114,4.9,3,XL,Unisex,2026-02-11 06:57:46,5386560.0
Crewneck 115,4.5,3,XXL,Men,2026-02-11 06:57:46,1933280.0
T-shirt 116,3.0,3,S,Women,2026-02-11 06:57:46,3474560.0
Hoodie 117,5.0,3,M,Unisex,2026-02-11 06:57:46,3376320.0
Pants 118,3.2,3,L,Men,2026-02-11 06:57:46,5585440.0
Outerwear 119,3.4,3,XL,Women,2026-02-11 06:57:46,3561760.0
Jacket 120,4.0,3,XXL,Unisex,2026-02-11 06:57:46,7480320.0
T-shirt 122,3.6,3,M,Women,2026-02-11 06:57:49,1961920.0
Hoodie 123,3.8,3,L,Unisex,2026-02-11 06:57:49,4498080.0
Pants 124,3.2,3,XL,Men,2026-02-11 06:57:49,7023520.0
Outerwear 125,4.2,3,XXL,Women,2026-02-11 06:57:49,6998240.0
Jacket 126,3.9,3,S,Unisex,2026-02-11 06:57:49,4426080.0
Crewneck 127,4.0,3,M,Men,2026-02-11 06:57:49,8311680.0
T-shirt 128,3.8,3,L,Women,2026-02-11 06:57:49,4466720.0
Hoodie 129,4.5,3,XL,Unisex,2026-02-11 06:57:49,2532480.0
Pants 130,4.8,3,XXL,Men,2026-02-11 06:57:49,6603520.0
Jacket 132,4.2,3,M,Unisex,2026-02-11 06:57:49,6474880.0
Crewneck 133,4.7,3,L,Men,2026-02-11 06:57:49,2016320.0
T-shirt 134,3.2,3,XL,Women,2026-02-11 06:57:49,5937440.0
Hoodie 135,4.7,3,XXL,Unisex,2026-02-11 06:57:49,5141440.0
Outerwear 137,4.5,3,M,Women,2026-02-11 06:57:49,6988320.0
Jacket 138,3.4,3,L,Unisex,2026-02-11 06:57:49,4635520.0
Crewneck 139,4.5,3,XL,Men,2026-02-11 06:57:49,8053120.0
T-shirt 140,3.5,3,XXL,Women,2026-02-11 06:57:49,6811040.0
Pants 142,4.9,3,M,Men,2026-02-11 06:57:52,2325280.0
Outerwear 143,4.9,3,L,Women,2026-02-11 06:57:52,3346560.0
Jacket 144,4.3,3,XL,Unisex,2026-02-11 06:57:52,5758240.0
Crewneck 145,4.8,3,XXL,Men,2026-02-11 06:57:52,3472800.0
T-shirt 146,4.3,3,S,Women,2026-02-11 06:57:52,7688640.0
Hoodie 147,5.0,3,M,Unisex,2026-02-11 06:57:52,3052800.0
Pants 148,4.7,3,L,Men,2026-02-11 06:57:52,6033440.0
Outerwear 149,3.2,3,XL,Women,2026-02-11 06:57:52,3105920.0
Jacket 150,3.6,3,XXL,Unisex,2026-02-11 06:57:52,1500640.0
T-shirt 152,4.2,3,M,Women,2026-02-11 06:57:52,6288640.0
Hoodie 153,4.3,3,L,Unisex,2026-02-11 06:57:52,2660640.0
Pants 154,3.0,3,XL,Men,2026-02-11 06:57:52,2337440.0
Outerwear 155,4.1,3,XXL,Women,2026-02-11 06:57:52,3783200.0
Jacket 156,3.6,3,S,Unisex,2026-02-11 06:57:52,6645120.0
Crewneck 157,4.0,3,M,Men,2026-02-11 06:57:52,1105760.0
T-shirt 158,4.0,3,L,Women,2026-02-11 06:57:52,7321120.0
Hoodie 159,4.9,3,XL,Unisex,2026-02-11 06:57:52,2371680.0
Pants 160,3.4,3,XXL,Men,2026-02-11 06:57:52,2802880.0
Jacket 162,4.5,3,M,Unisex,2026-02-11 06:57:55,1543840.0
Crewneck 163,4.4,3,L,Men,2026-02-11 06:57:55,7861920.0
T-shirt 164,3.9,3,XL,Women,2026-02-11 06:57:55,3512000.0
Hoodie 165,4.9,3,XXL,Unisex,2026-02-11 06:57:55,6921280.0
Outerwear 167,3.1,3,M,Women,2026-02-11 06:57:55,3273760.0
Jacket 168,4.4,3,L,Unisex,2026-02-11 06:57:55,870400.0
Crewneck 169,4.7,3,XL,Men,2026-02-11 06:57:55,8032800.0
T-shirt 170,4.5,3,XXL,Women,2026-02-11 06:57:55,6677920.0
Pants 172,4.9,3,M,Men,2026-02-11 06:57:55,1566080.0
Outerwear 173,4.6,3,L,Women,2026-02-11 06:57:55,7034560.0
Jacket 174,3.3,3,XL,Unisex,2026-02-11 06:57:55,6282240.0
Crewneck 175,4.5,3,XXL,Men,2026-02-11 06:57:55,8125120.0
T-shirt 176,3.6,3,S,Women,2026-02-11 06:57:55,6104320.0
Hoodie 177,4.6,3,M,Unisex,2026-02-11 06:57:55,1890400.0
Pants 178,3.0,3,L,Men,2026-02-11 06:57:55,6184160.0
Outerwear 179,3.5,3,XL,Women,2026-02-11 06:57:55,5816640.0
Jacket 180,3.9,3,XXL,Unisex,2026-02-11 06:57:55,5552640.0
T-shirt 182,3.8,3,M,Women,2026-02-11 06:57:57,2334880.0
Hoodie 183,3.6,3,L,Unisex,2026-02-11 06:57:57,3904640.0
Pants 184,4.5,3,XL,Men,2026-02-11 06:57:57,7759520.0
Outerwear 185,3.2,3,XXL,Women,2026-02-11 06:57:57,7822880.0
Jacket 186,4.2,3,S,Unisex,2026-02-11 06:57:57,6940480.0
Crewneck 187,3.8,3,M,Men,2026-02-11 06:57:57,6663520.0
T-shirt 188,4.4,3,L,Women,2026-02-11 06:57:57,3927840.0
Hoodie 189,4.0,3,XL,Unisex,2026-02-11 06:57:57,1946720.0
Pants 190,4.5,3,XXL,Men,2026-02-11 06:57:57,2220960.0
Jacket 192,3.8,3,M,Unisex,2026-02-11 06:57:57,5066240.0
Crewneck 193,4.1,3,L,Men,2026-02-11 06:57:57,7355680.0
T-shirt 194,4.9,3,XL,Women,2026-02-11 06:57:57,2818720.0
Hoodie 195,4.9,3,XXL,Unisex,2026-02-11 06:57:57,7208960.0
Outerwear 197,4.9,3,M,Women,2026-02-11 06:57:57,5681600.0
Jacket 198,4.5,3,L,Unisex,2026-02-11 06:57:57,5435040.0
Crewneck 199,3.1,3,XL,Men,2026-02-11 06:57:57,6744320.0
T-shirt 200,3.5,3,XXL,Women,2026-02-11 06:57:57,6289920.0
Pants 202,3.3,3,M,Men,2026-02-11 06:58:00,5592480.0
Outerwear 203,3.4,3,L,Women,2026-02-11 06:58:00,2144000.0
Jacket 204,3.9,3,XL,Unisex,2026-02-11 06:58:00,6031040.0
Crewneck 205,3.2,3,XXL,Men,2026-02-11 06:58:00,6434880.0
T-shirt 206,4.5,3,S,Women,2026-02-11 06:58:00,4674720.0
Hoodie 207,3.5,3,M,Unisex,2026-02-11 06:58:00,6101440.0
Pants 208,3.1,3,L,Men,2026-02-11 06:58:00,4637600.0
Outerwear 209,4.3,3,XL,Women,2026-02-11 06:58:00,7980640.0
Jacket 210,4.7,3,XXL,Unisex,2026-02-11 06:58:00,7827360.0
T-shirt 212,4.7,3,M,Women,2026-02-11 06:58:00,8794880.0
Hoodie 213,3.6,3,L,Unisex,2026-02-11 06:58:00,5748000.0
Pants 214,4.9,3,XL,Men,2026-02-11 06:58:00,4315680.0
Outerwear 215,3.8,3,XXL,Women,2026-02-11 06:58:00,1449600.0
Jacket 216,4.6,3,S,Unisex,2026-02-11 06:58:00,4576480.0
Crewneck 217,4.8,3,M,Men,2026-02-11 06:58:00,5772960.0
T-shirt 218,3.1,3,L,Women,2026-02-11 06:58:00,5600320.0
Hoodie 219,4.6,3,XL,Unisex,2026-02-11 06:58:00,5671040.0
Pants 220,3.2,3,XXL,Men,2026-02-11 06:58:00,3357600.0
Jacket 222,3.4,3,M,Unisex,2026-02-11 06:58:03,7438080.0
Crewneck 223,4.8,3,L,Men,2026-02-11 06:58:03,952960.0
T-shirt 224,4.5,3,XL,Women,2026-02-11 06:58:03,3534560.0
Hoodie 225,3.5,3,XXL,Unisex,2026-02-11 06:58:03,5232800.0
Outerwear 227,4.8,3,M,Women,2026-02-11 06:58:03,6742560.0
Jacket 228,4.5,3,L,Unisex,2026-02-11 06:58:03,8076800.0
Crewneck 229,4.9,3,XL,Men,2026-02-11 06:58:03,3101920.0
T-shirt 230,4.5,3,XXL,Women,2026-02-11 06:58:03,7133280.0
Pants 232,4.0,3,M,Men,2026-02-11 06:58:03,8327360.000000001
Outerwear 233,4.8,3,L,Women,2026-02-11 06:58:03,847360.0
Jacket 234,4.5,3,XL,Unisex,2026-02-11 06:58:03,1159200.0
Crewneck 235,3.4,3,XXL,Men,2026-02-11 06:58:03,6560320.0
T-shirt 236,3.9,3,S,Women,2026-02-11 06:58:03,5492320.0
Hoodie 237,3.1,3,M,Unisex,2026-02-11 06:58:03,4743520.0
Pants 238,3.8,3,L,Men,2026-02-11 06:58:03,8301920.0
Outerwear 239,3.1,3,XL,Women,2026-02-11 06:58:03,7934080.0
Jacket 240,3.8,3,XXL,Unisex,2026-02-11 06:58:03,7600000.0
T-shirt 242,3.4,3,M,Women,2026-02-11 06:58:06,4833600.0
Hoodie 243,3.1,3,L,Unisex,2026-02-11 06:58:06,3371680.0
Pants 244,3.1,3,XL,Men,2026-02-11 06:58:06,8116160.0
Outerwear 245,4.0,3,XXL,Women,2026-02-11 06:58:06,1451680.0
Jacket 246,3.1,3,S,Unisex,2026-02-11 06:58:06,8735040.0
Crewneck 247,3.0,3,M,Men,2026-02-11 06:58:06,8769120.0
T-shirt 248,4.5,3,L,Women,2026-02-11 06:58:06,2280000.0
Hoodie 249,4.2,3,XL,Unisex,2026-02-11 06:58:06,2149440.0
Pants 250,3.1,3,XXL,Men,2026-02-11 06:58:06,4314240.0
Jacket 252,3.2,3,M,Unisex,2026-02-11 06:58:06,8408480.0
Crewneck 253,3.9,3,L,Men,2026-02-11 06:58:06,1854720.0
T-shirt 254,3.9,3,XL,Women,2026-02-11 06:58:06,5984160.0
Hoodie 255,4.1,3,XXL,Unisex,2026-02-11 06:58:06,3668000.0
Outerwear 257,5.0,3,M,Women,2026-02-11 06:58:06,7073120.0
Jacket 258,4.7,3,L,Unisex,2026-02-11 06:58:06,2080639.9999999998
Crewneck 259,3.3,3,XL,Men,2026-02-11 06:58:06,2275520.0
T-shirt 260,3.5,3,XXL,Women,2026-02-11 06:58:06,6271520.0
Pants 262,3.4,3,M,Men,2026-02-11 06:58:08,1097760.0
Outerwear 263,4.2,3,L,Women,2026-02-11 06:58:08,1878400.0
Jacket 264,4.8,3,XL,Unisex,2026-02-11 06:58:08,2063040.0
Crewneck 265,3.5,3,XXL,Men,2026-02-11 06:58:08,2483040.0
T-shirt 266,4.6,3,S,Women,2026-02-11 06:58:08,4842080.0
Hoodie 267,4.3,3,M,Unisex,2026-02-11 06:58:08,4086240.0
Pants 268,3.6,3,L,Men,2026-02-11 06:58:08,5005120.0
Outerwear 269,3.1,3,XL,Women,2026-02-11 06:58:08,8073920.0
Jacket 270,4.2,3,XXL,Unisex,2026-02-11 06:58:08,2569120.0
T-shirt 272,3.3,3,M,Women,2026-02-11 06:58:08,5811840.0
Hoodie 273,4.9,3,L,Unisex,2026-02-11 06:58:08,5291360.0
Pants 274,4.2,3,XL,Men,2026-02-11 06:58:08,3669280.0
Outerwear 275,4.8,3,XXL,Women,2026-02-11 06:58:08,5575360.0
Jacket 276,4.3,3,S,Unisex,2026-02-11 06:58:08,1013600.0
Crewneck 277,4.7,3,M,Men,2026-02-11 06:58:08,2383680.0
T-shirt 278,3.8,3,L,Women,2026-02-11 06:58:08,2087360.0000000002
Hoodie 279,4.7,3,XL,Unisex,2026-02-11 06:58:08,5592320.0
Pants 280,3.9,3,XXL,Men,2026-02-11 06:58:08,7501440.0
Jacket 282,3.0,3,M,Unisex,2026-02-11 06:58:11,2227040.0
Crewneck 283,3.2,3,L,Men,2026-02-11 06:58:11,6633120.0
T-shirt 284,3.6,3,XL,Women,2026-02-11 06:58:11,6568000.0
Hoodie 285,3.2,3,XXL,Unisex,2026-02-11 06:58:11,3009120.0
Outerwear 287,3.7,3,M,Women,2026-02-11 06:58:11,5273600.0
Jacket 288,4.1,3,L,Unisex,2026-02-11 06:58:11,3123040.0
Crewneck 289,4.0,3,XL,Men,2026-02-11 06:58:11,888000.0
T-shirt 290,4.2,3,XXL,Women,2026-02-11 06:58:11,6425120.0
Pants 292,3.9,3,M,Men,2026-02-11 06:58:11,2384480.0
Outerwear 293,4.5,3,L,Women,2026-02-11 06:58:11,1176160.0
Jacket 294,3.8,3,XL,Unisex,2026-02-11 06:58:11,5947200.0
Crewneck 295,4.9,3,XXL,Men,2026-02-11 06:58:11,7266720.0
T-shirt 296,3.1,3,S,Women,2026-02-11 06:58:11,1172160.0
Hoodie 297,3.6,3,M,Unisex,2026-02-11 06:58:11,7801120.0
Pants 298,4.8,3,L,Men,2026-02-11 06:58:11,2426080.0
Outerwear 299,4.3,3,XL,Women,2026-02-11 06:58:11,1947840.0
Jacket 300,4.0,3,XXL,Unisex,2026-02-11 06:58:11,6408480.0
T-shirt 302,3.2,3,M,Women,2026-02-11 06:58:14,5711200.0
Hoodie 303,4.1,3,L,Unisex,2026-02-11 06:58:14,7974560.0
Pants 304,3.4,3,XL,Men,2026-02-11 06:58:14,7129760.0
Outerwear 305,4.5,3,XXL,Women,2026-02-11 06:58:14,6325440.0
Jacket 306,4.2,3,S,Unisex,2026-02-11 06:58:14,7575040.0
Crewneck 307,3.7,3,M,Men,2026-02-11 06:58:14,7735200.0
T-shirt 308,4.1,3,L,Women,2026-02-11 06:58:14,4086080.0
Hoodie 309,4.8,3,XL,Unisex,2026-02-11 06:58:14,3953120.0
Pants 310,4.7,3,XXL,Men,2026-02-11 06:58:14,6329280.0
Jacket 312,3.8,3,M,Unisex,2026-02-11 06:58:14,7267040.0
Crewneck 313,3.1,3,L,Men,2026-02-11 06:58:14,1948320.0
T-shirt 314,3.2,3,XL,Women,2026-02-11 06:58:14,6017120.0
Hoodie 315,3.1,3,XXL,Unisex,2026-02-11 06:58:14,7022880.0
Outerwear 317,3.3,3,M,Women,2026-02-11 06:58:14,5259040.0
Jacket 318,3.7,3,L,Unisex,2026-02-11 06:58:14,5667200.0
Crewneck 319,3.3,3,XL,Men,2026-02-11 06:58:14,3085920.0
T-shirt 320,3.3,3,XXL,Women,2026-02-11 06:58:14,829440.0
Pants 322,3.2,3,M,Men,2026-02-11 06:58:17,7810400.0
Outerwear 323,3.1,3,L,Women,2026-02-11 06:58:17,8468000.0
Jacket 324,3.3,3,XL,Unisex,2026-02-11 06:58:17,6082720.0
Crewneck 325,3.4,3,XXL,Men,2026-02-11 06:58:17,3001760.0
T-shirt 326,4.9,3,S,Women,2026-02-11 06:58:17,4519360.0
Hoodie 327,4.4,3,M,Unisex,2026-02-11 06:58:17,6641440.0
Pants 328,4.5,3,L,Men,2026-02-11 06:58:17,5732960.0
Outerwear 329,4.7,3,XL,Women,2026-02-11 06:58:17,6724160.0
Jacket 330,4.3,3,XXL,Unisex,2026-02-11 06:58:17,1591200.0
T-shirt 332,3.4,3,M,Women,2026-02-11 06:58:17,2335680.0
Hoodie 333,4.8,3,L,Unisex,2026-02-11 06:58:17,1746080.0
Pants 334,3.8,3,XL,Men,2026-02-11 06:58:17,2409440.0
Outerwear 335,3.0,3,XXL,Women,2026-02-11 06:58:17,2826720.0
Jacket 336,5.0,3,S,Unisex,2026-02-11 06:58:17,6237760.0
Crewneck 337,4.3,3,M,Men,2026-02-11 06:58:17,8608800.0
T-shirt 338,3.9,3,L,Women,2026-02-11 06:58:17,2883360.0
Hoodie 339,4.9,3,XL,Unisex,2026-02-11 06:58:17,4424800.0
Pants 340,4.3,3,XXL,Men,2026-02-11 06:58:17,5975200.0
Jacket 342,4.8,3,M,Unisex,2026-02-11 06:58:19,1827680.0
Crewneck 343,4.1,3,L,Men,2026-02-11 06:58:19,2279040.0
T-shirt 344,4.5,3,XL,Women,2026-02-11 06:58:19,3415680.0
Hoodie 345,3.3,3,XXL,Unisex,2026-02-11 06:58:19,7577440.0
Outerwear 347,4.7,3,M,Women,2026-02-11 06:58:19,6986080.0
Jacket 348,4.6,3,L,Unisex,2026-02-11 06:58:19,3195040.0
Crewneck 349,3.5,3,XL,Men,2026-02-11 06:58:19,6085600.0
T-shirt 350,5.0,3,XXL,Women,2026-02-11 06:58:19,8047680.0
Pants 352,4.0,3,M,Men,2026-02-11 06:58:19,2838880.0
Outerwear 353,3.6,3,L,Women,2026-02-11 06:58:19,961600.0
Jacket 354,3.8,3,XL,Unisex,2026-02-11 06:58:19,2294720.0
Crewneck 355,3.2,3,XXL,Men,2026-02-11 06:58:19,4246560.0
T-shirt 356,4.3,3,S,Women,2026-02-11 06:58:19,7150080.0
Hoodie 357,3.6,3,M,Unisex,2026-02-11 06:58:19,3739360.0
Pants 358,3.9,3,L,Men,2026-02-11 06:58:19,8479520.0
Outerwear 359,4.3,3,XL,Women,2026-02-11 06:58:19,1696480.0
Jacket 360,4.8,3,XXL,Unisex,2026-02-11 06:58:19,8788320.0
T-shirt 362,5.0,3,M,Women,2026-02-11 06:58:22,4776800.0
Hoodie 363,3.2,3,L,Unisex,2026-02-11 06:58:22,1171360.0
Pants 364,4.8,3,XL,Men,2026-02-11 06:58:22,4972800.0
Outerwear 365,4.5,3,XXL,Women,2026-02-11 06:58:22,6956480.0
Jacket 366,4.9,3,S,Unisex,2026-02-11 06:58:22,5854880.0
Crewneck 367,4.9,3,M,Men,2026-02-11 06:58:22,8359360.000000001
T-shirt 368,3.2,3,L,Women,2026-02-11 06:58:22,965120.0
Hoodie 369,4.7,3,XL,Unisex,2026-02-11 06:58:22,7204960.0
Pants 370,3.6,3,XXL,Men,2026-02-11 06:58:22,4559680.0
Jacket 372,3.6,3,M,Unisex,2026-02-11 06:58:22,5052960.0
Crewneck 373,3.6,3,L,Men,2026-02-11 06:58:22,2231040.0
T-shirt 374,3.9,3,XL,Women,2026-02-11 06:58:22,7697120.0
Hoodie 375,3.9,3,XXL,Unisex,2026-02-11 06:58:22,7027520.0
Outerwear 377,4.8,3,M,Women,2026-02-11 06:58:22,6802080.0
Jacket 378,3.6,3,L,Unisex,2026-02-11 06:58:22,3402400.0
Crewneck 379,4.4,3,XL,Men,2026-02-11 06:58:22,3963200.0
T-shirt 380,3.8,3,XXL,Women,2026-02-11 06:58:22,2547040.0
Pants 382,4.4,3,M,Men,2026-02-11 06:58:25,1356160.0
Outerwear 383,3.4,3,L,Women,2026-02-11 06:58:25,3431040.0
Jacket 384,3.3,3,XL,Unisex,2026-02-11 06:58:25,1452960.0
Crewneck 385,4.9,3,XXL,Men,2026-02-11 06:58:25,7950720.0
T-shirt 386,4.6,3,S,Women,2026-02-11 06:58:25,4793600.0
Hoodie 387,4.2,3,M,Unisex,2026-02-11 06:58:25,8418080.0
Pants 388,3.1,3,L,Men,2026-02-11 06:58:25,931200.0
Outerwear 389,5.0,3,XL,Women,2026-02-11 06:58:25,2883200.0
Jacket 390,3.3,3,XXL,Unisex,2026-02-11 06:58:25,5432960.0
T-shirt 392,4.4,3,M,Women,2026-02-11 06:58:25,1226080.0
Hoodie 393,3.2,3,L,Unisex,2026-02-11 06:58:25,4068480.0
Pants 394,3.3,3,XL,Men,2026-02-11 06:58:25,3540000.0
Outerwear 395,4.0,3,XXL,Women,2026-02-11 06:58:25,3098720.0
Jacket 396,3.9,3,S,Unisex,2026-02-11 06:58:25,2505280.0
Crewneck 397,3.6,3,M,Men,2026-02-11 06:58:25,855360.0
T-shirt 398,4.7,3,L,Women,2026-02-11 06:58:25,4592800.0
Hoodie 399,3.6,3,XL,Unisex,2026-02-11 06:58:25,2523520.0
Pants 400,4.7,3,XXL,Men,2026-02-11 06:58:25,6020640.0
Jacket 402,4.6,3,M,Unisex,2026-02-11 06:58:27,2029120.0
Crewneck 403,4.1,3,L,Men,2026-02-11 06:58:27,1580320.0
T-shirt 404,4.9,3,XL,Women,2026-02-11 06:58:27,3501120.0
Hoodie 405,3.8,3,XXL,Unisex,2026-02-11 06:58:27,5080160.0
Outerwear 407,3.7,3,M,Women,2026-02-11 06:58:27,2761280.0
Jacket 408,4.9,3,L,Unisex,2026-02-11 06:58:27,4176000.0
Crewneck 409,3.5,3,XL,Men,2026-02-11 06:58:27,3221760.0
T-shirt 410,3.1,3,XXL,Women,2026-02-11 06:58:27,1586720.0
Pants 412,4.4,3,M,Men,2026-02-11 06:58:27,5438240.0
Outerwear 413,3.4,3,L,Women,2026-02-11 06:58:27,1306400.0
Jacket 414,3.7,3,XL,Unisex,2026-02-11 06:58:27,2234720.0
Crewneck 415,3.1,3,XXL,Men,2026-02-11 06:58:27,3617440.0
T-shirt 416,3.1,3,S,Women,2026-02-11 06:58:27,4454080.0
Hoodie 417,4.6,3,M,Unisex,2026-02-11 06:58:27,2769440.0
Pants 418,5.0,3,L,Men,2026-02-11 06:58:27,6307840.0
Outerwear 419,5.0,3,XL,Women,2026-02-11 06:58:27,7004000.0
Jacket 420,3.1,3,XXL,Unisex,2026-02-11 06:58:27,2472640.0
T-shirt 422,3.9,3,M,Women,2026-02-11 06:58:30,924320.0
Hoodie 423,3.7,3,L,Unisex,2026-02-11 06:58:30,4601760.0
Pants 424,4.4,3,XL,Men,2026-02-11 06:58:30,3865760.0
Outerwear 425,4.8,3,XXL,Women,2026-02-11 06:58:30,2528480.0
Jacket 426,3.4,3,S,Unisex,2026-02-11 06:58:30,3462400.0
Crewneck 427,3.3,3,M,Men,2026-02-11 06:58:30,6375200.0
T-shirt 428,4.9,3,L,Women,2026-02-11 06:58:30,7053120.0
Hoodie 429,4.9,3,XL,Unisex,2026-02-11 06:58:30,1658560.0
Pants 430,3.9,3,XXL,Men,2026-02-11 06:58:30,1442080.0
Jacket 432,4.5,3,M,Unisex,2026-02-11 06:58:30,2151840.0
Crewneck 433,4.2,3,L,Men,2026-02-11 06:58:30,3872480.0
T-shirt 434,4.9,3,XL,Women,2026-02-11 06:58:30,6557120.0
Hoodie 435,4.0,3,XXL,Unisex,2026-02-11 06:58:30,1015680.0
Outerwear 437,3.9,3,M,Women,2026-02-11 06:58:30,1016800.0
Jacket 438,4.5,3,L,Unisex,2026-02-11 06:58:30,2453120.0
Crewneck 439,3.2,3,XL,Men,2026-02-11 06:58:30,4005440.0
T-shirt 440,3.0,3,XXL,Women,2026-02-11 06:58:30,5326080.0
Pants 442,4.3,3,M,Men,2026-02-11 06:58:33,4701600.0
Outerwear 443,4.2,3,L,Women,2026-02-11 06:58:33,7262720.0
Jacket 444,3.3,3,XL,Unisex,2026-02-11 06:58:33,4016960.0
Crewneck 445,4.5,3,XXL,Men,2026-02-11 06:58:33,3574240.0
T-shirt 446,3.2,3,S,Women,2026-02-11 06:58:33,7740160.0
Hoodie 447,4.0,3,M,Unisex,2026-02-11 06:58:33,4748640.0
Pants 448,4.4,3,L,Men,2026-02-11 06:58:33,820160.0
Outerwear 449,4.0,3,XL,Women,2026-02-11 06:58:33,6410080.0
Jacket 450,3.1,3,XXL,Unisex,2026-02-11 06:58:33,8754880.0
T-shirt 452,4.4,3,M,Women,2026-02-11 06:58:33,6892800.0
Hoodie 453,4.2,3,L,Unisex,2026-02-11 06:58:33,6576960.0
Pants 454,5.0,3,XL,Men,2026-02-11 06:58:33,2179520.0
Outerwear 455,4.8,3,XXL,Women,2026-02-11 06:58:33,1094080.0
Jacket 456,4.1,3,S,Unisex,2026-02-11 06:58:33,8096000.0
Crewneck 457,4.8,3,M,Men,2026-02-11 06:58:33,7342880.0
T-shirt 458,4.4,3,L,Women,2026-02-11 06:58:33,4240000.0
Hoodie 459,3.5,3,XL,Unisex,2026-02-11 06:58:33,3237280.0
Pants 460,3.6,3,XXL,Men,2026-02-11 06:58:33,1880800.0
Jacket 462,4.5,3,M,Unisex,2026-02-11 06:58:43,6767840.0
Crewneck 463,4.5,3,L,Men,2026-02-11 06:58:43,7539520.0
T-shirt 464,4.5,3,XL,Women,2026-02-11 06:58:43,6070080.0
Hoodie 465,4.7,3,XXL,Unisex,2026-02-11 06:58:43,6164320.0
Outerwear 467,3.5,3,M,Women,2026-02-11 06:58:43,1325920.0
Jacket 468,3.7,3,L,Unisex,2026-02-11 06:58:43,4584960.0
Crewneck 469,4.2,3,XL,Men,2026-02-11 06:58:43,1738880.0
T-shirt 470,3.1,3,XXL,Women,2026-02-11 06:58:43,7738880.0
Pants 472,3.1,3,M,Men,2026-02-11 06:58:43,3902080.0
Outerwear 473,4.2,3,L,Women,2026-02-11 06:58:43,5478080.0
Jacket 474,4.7,3,XL,Unisex,2026-02-11 06:58:43,5864960.0
Crewneck 475,4.6,3,XXL,Men,2026-02-11 06:58:43,7017280.0
T-shirt 476,4.3,3,S,Women,2026-02-11 06:58:43,3986240.0
Hoodie 477,4.2,3,M,Unisex,2026-02-11 06:58:43,6626080.0
Pants 478,3.8,3,L,Men,2026-02-11 06:58:43,4912000.0
Outerwear 479,4.4,3,XL,Women,2026-02-11 06:58:43,7302400.0
Jacket 480,4.2,3,XXL,Unisex,2026-02-11 06:58:43,4986240.0
T-shirt 482,4.8,3,M,Women,2026-02-11 06:58:45,3352480.0
Hoodie 483,4.2,3,L,Unisex,2026-02-11 06:58:45,4035040.0
Pants 484,4.1,3,XL,Men,2026-02-11 06:58:45,6428640.0
Outerwear 485,4.7,3,XXL,Women,2026-02-11 06:58:45,4044480.0
Jacket 486,3.0,3,S,Unisex,2026-02-11 06:58:45,2573760.0
Crewneck 487,3.7,3,M,Men,2026-02-11 06:58:45,6955520.0
T-shirt 488,3.8,3,L,Women,2026-02-11 06:58:45,8789760.0
Hoodie 489,5.0,3,XL,Unisex,2026-02-11 06:58:45,3554560.0
Pants 490,3.1,3,XXL,Men,2026-02-11 06:58:45,7081600.0
Jacket 492,3.0,3,M,Unisex,2026-02-11 06:58:45,6011840.0
Crewneck 493,4.8,3,L,Men,2026-02-11 06:58:45,5071520.0
T-shirt 494,3.4,3,XL,Women,2026-02-11 06:58:45,1390080.0
Hoodie 495,4.5,3,XXL,Unisex,2026-02-11 06:58:45,1663200.0
Outerwear 497,4.4,3,M,Women,2026-02-11 06:58:45,3957760.0
Jacket 498,4.6,3,L,Unisex,2026-02-11 06:58:45,4412800.0
Crewneck 499,4.1,3,XL,Men,2026-02-11 06:58:45,7825920.0
T-shirt 500,4.2,3,XXL,Women,2026-02-11 06:58:45,8114400.0
Pants 502,4.4,3,M,Men,2026-02-11 06:58:48,7132480.0
Outerwear 503,4.8,3,L,Women,2026-02-11 06:58:48,4924480.0
Jacket 504,5.0,3,XL,Unisex,2026-02-11 06:58:48,8024480.0
Crewneck 505,4.3,3,XXL,Men,2026-02-11 06:58:48,8747680.0
T-shirt 506,3.6,3,S,Women,2026-02-11 06:58:48,8572000.0
Hoodie 507,4.7,3,M,Unisex,2026-02-11 06:58:48,6844000.0
Pants 508,3.5,3,L,Men,2026-02-11 06:58:48,7766080.0
Outerwear 509,3.1,3,XL,Women,2026-02-11 06:58:48,7178400.0
Jacket 510,3.4,3,XXL,Unisex,2026-02-11 06:58:48,1562080.0
T-shirt 512,3.7,3,M,Women,2026-02-11 06:58:48,4319680.0
Hoodie 513,4.4,3,L,Unisex,2026-02-11 06:58:48,1693760.0
Pants 514,3.9,3,XL,Men,2026-02-11 06:58:48,6888960.0
Outerwear 515,3.1,3,XXL,Women,2026-02-11 06:58:48,7262560.0
Jacket 516,3.4,3,S,Unisex,2026-02-11 06:58:48,7130720.0
Crewneck 517,3.5,3,M,Men,2026-02-11 06:58:48,1069280.0
T-shirt 518,4.1,3,L,Women,2026-02-11 06:58:48,2575680.0
Hoodie 519,4.5,3,XL,Unisex,2026-02-11 06:58:48,2236160.0
Pants 520,3.8,3,XXL,Men,2026-02-11 06:58:48,2308320.0
Jacket 522,4.0,3,M,Unisex,2026-02-11 06:58:50,6292960.0
Crewneck 523,4.6,3,L,Men,2026-02-11 06:58:50,3626720.0
T-shirt 524,3.8,3,XL,Women,2026-02-11 06:58:50,936000.0
Hoodie 525,3.6,3,XXL,Unisex,2026-02-11 06:58:50,7919040.0
Outerwear 527,3.6,3,M,Women,2026-02-11 06:58:50,4669280.0
Jacket 528,4.0,3,L,Unisex,2026-02-11 06:58:50,5595840.0
Crewneck 529,3.2,3,XL,Men,2026-02-11 06:58:50,1420160.0
T-shirt 530,3.3,3,XXL,Women,2026-02-11 06:58:50,6173760.0
Pants 532,4.1,3,M,Men,2026-02-11 06:58:50,8391200.0
Outerwear 533,4.2,3,L,Women,2026-02-11 06:58:50,3370240.0
Jacket 534,3.7,3,XL,Unisex,2026-02-11 06:58:50,3479200.0
Crewneck 535,3.7,3,XXL,Men,2026-02-11 06:58:50,3901280.0
T-shirt 536,3.0,3,S,Women,2026-02-11 06:58:50,5092480.0
Hoodie 537,3.1,3,M,Unisex,2026-02-11 06:58:50,8671840.0
Pants 538,3.4,3,L,Men,2026-02-11 06:58:50,6134240.0
Outerwear 539,4.7,3,XL,Women,2026-02-11 06:58:50,4692640.0
Jacket 540,4.4,3,XXL,Unisex,2026-02-11 06:58:50,7051840.0
T-shirt 542,3.5,3,M,Women,2026-02-11 06:58:53,4761440.0
Hoodie 543,4.7,3,L,Unisex,2026-02-11 06:58:53,8715680.0
Pants 544,3.1,3,XL,Men,2026-02-11 06:58:53,5957760.0
Outerwear 545,4.0,3,XXL,Women,2026-02-11 06:58:53,3579360.0
Jacket 546,3.3,3,S,Unisex,2026-02-11 06:58:53,6271520.0
Crewneck 547,3.9,3,M,Men,2026-02-11 06:58:53,5361120.0
T-shirt 548,4.6,3,L,Women,2026-02-11 06:58:53,2686240.0
Hoodie 549,3.7,3,XL,Unisex,2026-02-11 06:58:53,2687200.0
Pants 550,4.9,3,XXL,Men,2026-02-11 06:58:53,4450080.0
Jacket 552,4.1,3,M,Unisex,2026-02-11 06:58:53,5380320.0
Crewneck 553,3.8,3,L,Men,2026-02-11 06:58:53,7760800.0
T-shirt 554,4.5,3,XL,Women,2026-02-11 06:58:53,4001120.0
Hoodie 555,3.0,3,XXL,Unisex,2026-02-11 06:58:53,1809600.0
Outerwear 557,3.4,3,M,Women,2026-02-11 06:58:53,5460480.0
Jacket 558,4.0,3,L,Unisex,2026-02-11 06:58:53,5007040.0
Crewneck 559,3.5,3,XL,Men,2026-02-11 06:58:53,1590880.0
T-shirt 560,4.2,3,XXL,Women,2026-02-11 06:58:53,6885280.0
Pants 562,4.5,3,M,Men,2026-02-11 06:58:56,3724160.0
Outerwear 563,4.7,3,L,Women,2026-02-11 06:58:56,8197440.000000001
Jacket 564,4.3,3,XL,Unisex,2026-02-11 06:58:56,8319200.000000001
Crewneck 565,3.5,3,XXL,Men,2026-02-11 06:58:56,7635200.0
T-shirt 566,4.6,3,S,Women,2026-02-11 06:58:56,2611360.0
Hoodie 567,3.2,3,M,Unisex,2026-02-11 06:58:56,4576160.0
Pants 568,3.3,3,L,Men,2026-02-11 06:58:56,2984160.0
Outerwear 569,4.7,3,XL,Women,2026-02-11 06:58:56,4966880.0
Jacket 570,3.9,3,XXL,Unisex,2026-02-11 06:58:56,4000960.0
T-shirt 572,3.2,3,M,Women,2026-02-11 06:58:56,4756320.0
Hoodie 573,4.5,3,L,Unisex,2026-02-11 06:58:56,6954080.0
Pants 574,3.8,3,XL,Men,2026-02-11 06:58:56,2424000.0
Outerwear 575,3.4,3,XXL,Women,2026-02-11 06:58:56,3517760.0
Jacket 576,3.5,3,S,Unisex,2026-02-11 06:58:56,805600.0
Crewneck 577,3.3,3,M,Men,2026-02-11 06:58:56,7873920.0
T-shirt 578,4.1,3,L,Women,2026-02-11 06:58:56,7958880.0
Hoodie 579,4.4,3,XL,Unisex,2026-02-11 06:58:56,4428640.0
Pants 580,3.3,3,XXL,Men,2026-02-11 06:58:56,2625440.0
Jacket 582,4.1,3,M,Unisex,2026-02-11 06:58:59,4112160.0
Crewneck 583,4.5,3,L,Men,2026-02-11 06:58:59,5737760.0
T-shirt 584,4.8,3,XL,Women,2026-02-11 06:58:59,6964960.0
Hoodie 585,4.9,3,XXL,Unisex,2026-02-11 06:58:59,6186880.0
Outerwear 587,4.4,3,M,Women,2026-02-11 06:58:59,4424960.0
Jacket 588,4.7,3,L,Unisex,2026-02-11 06:58:59,4963040.0
Crewneck 589,4.7,3,XL,Men,2026-02-11 06:58:59,931840.0
T-shirt 590,3.9,3,XXL,Women,2026-02-11 06:58:59,6457120.0
Pants 592,4.3,3,M,Men,2026-02-11 06:58:59,6805440.0
Outerwear 593,3.9,3,L,Women,2026-02-11 06:58:59,7163840.0
Jacket 594,4.2,3,XL,Unisex,2026-02-11 06:58:59,8707680.0
Crewneck 595,3.5,3,XXL,Men,2026-02-11 06:58:59,3723840.0
T-shirt 596,4.4,3,S,Women,2026-02-11 06:58:59,8290400.0
Hoodie 597,3.3,3,M,Unisex,2026-02-11 06:58:59,7969440.0
Pants 598,4.1,3,L,Men,2026-02-11 06:58:59,4714080.0
Outerwear 599,3.3,3,XL,Women,2026-02-11 06:58:59,1179040.0
Jacket 600,3.0,3,XXL,Unisex,2026-02-11 06:58:59,6414080.0
T-shirt 602,4.4,3,M,Women,2026-02-11 06:59:01,2260960.0
Hoodie 603,3.1,3,L,Unisex,2026-02-11 06:59:01,7511520.0
Pants 604,4.3,3,XL,Men,2026-02-11 06:59:01,7662240.0
Outerwear 605,3.7,3,XXL,Women,2026-02-11 06:59:01,1710720.0
Jacket 606,4.6,3,S,Unisex,2026-02-11 06:59:01,5770720.0
Crewneck 607,3.1,3,M,Men,2026-02-11 06:59:01,3857600.0
T-shirt 608,4.6,3,L,Women,2026-02-11 06:59:01,7047840.0
Hoodie 609,4.1,3,XL,Unisex,2026-02-11 06:59:01,2956320.0
Pants 610,3.3,3,XXL,Men,2026-02-11 06:59:01,4515360.0
Jacket 612,3.1,3,M,Unisex,2026-02-11 06:59:01,3202720.0
Crewneck 613,3.6,3,L,Men,2026-02-11 06:59:01,1013920.0
T-shirt 614,3.1,3,XL,Women,2026-02-11 06:59:01,2428160.0
Hoodie 615,4.8,3,XXL,Unisex,2026-02-11 06:59:01,4798720.0
Outerwear 617,4.3,3,M,Women,2026-02-11 06:59:01,1765920.0
Jacket 618,3.3,3,L,Unisex,2026-02-11 06:59:01,6474080.0
Crewneck 619,4.4,3,XL,Men,2026-02-11 06:59:01,8340639.999999999
T-shirt 620,3.3,3,XXL,Women,2026-02-11 06:59:01,2270240.0
Pants 622,3.5,3,M,Men,2026-02-11 06:59:04,4849600.0
Outerwear 623,4.6,3,L,Women,2026-02-11 06:59:04,7299520.0
Jacket 624,3.9,3,XL,Unisex,2026-02-11 06:59:04,6943200.0
Crewneck 625,4.1,3,XXL,Men,2026-02-11 06:59:04,7826400.0
T-shirt 626,4.5,3,S,Women,2026-02-11 06:59:04,7777440.0
Hoodie 627,3.2,3,M,Unisex,2026-02-11 06:59:04,1232320.0
Pants 628,4.3,3,L,Men,2026-02-11 06:59:04,8113120.0
Outerwear 629,4.4,3,XL,Women,2026-02-11 06:59:04,3997920.0
Jacket 630,3.8,3,XXL,Unisex,2026-02-11 06:59:04,1003680.0
T-shirt 632,3.6,3,M,Women,2026-02-11 06:59:04,4314240.0
Hoodie 633,3.1,3,L,Unisex,2026-02-11 06:59:04,3128000.0
Pants 634,3.9,3,XL,Men,2026-02-11 06:59:04,8535680.0
Outerwear 635,4.1,3,XXL,Women,2026-02-11 06:59:04,6897120.0
Jacket 636,4.5,3,S,Unisex,2026-02-11 06:59:04,3476320.0
Crewneck 637,4.0,3,M,Men,2026-02-11 06:59:04,6030240.0
T-shirt 638,4.6,3,L,Women,2026-02-11 06:59:04,5220960.0
Hoodie 639,4.7,3,XL,Unisex,2026-02-11 06:59:04,6782720.0
Pants 640,3.8,3,XXL,Men,2026-02-11 06:59:04,3038560.0
Jacket 642,4.7,3,M,Unisex,2026-02-11 06:59:07,7747360.0
Crewneck 643,3.2,3,L,Men,2026-02-11 06:59:07,6116000.0
T-shirt 644,4.2,3,XL,Women,2026-02-11 06:59:07,7479360.0
Hoodie 645,3.3,3,XXL,Unisex,2026-02-11 06:59:07,3285440.0
Outerwear 647,3.8,3,M,Women,2026-02-11 06:59:07,4304960.0
Jacket 648,4.5,3,L,Unisex,2026-02-11 06:59:07,8699520.0
Crewneck 649,3.2,3,XL,Men,2026-02-11 06:59:07,8588160.0
T-shirt 650,3.4,3,XXL,Women,2026-02-11 06:59:07,8012800.0
Pants 652,3.3,3,M,Men,2026-02-11 06:59:07,6084960.0
Outerwear 653,4.0,3,L,Women,2026-02-11 06:59:07,2622080.0
Jacket 654,4.7,3,XL,Unisex,2026-02-11 06:59:07,4089440.0
Crewneck 655,4.1,3,XXL,Men,2026-02-11 06:59:07,1834240.0
T-shirt 656,4.2,3,S,Women,2026-02-11 06:59:07,2538720.0
Hoodie 657,4.8,3,M,Unisex,2026-02-11 06:59:07,8459040.0
Pants 658,3.8,3,L,Men,2026-02-11 06:59:07,6268320.0
Outerwear 659,3.3,3,XL,Women,2026-02-11 06:59:07,1817920.0
Jacket 660,3.5,3,XXL,Unisex,2026-02-11 06:59:07,8715200.0
T-shirt 662,4.5,3,M,Women,2026-02-11 06:59:10,1422720.0
Hoodie 663,4.0,3,L,Unisex,2026-02-11 06:59:10,7087200.0
Pants 664,3.5,3,XL,Men,2026-02-11 06:59:10,8248639.999999999
Outerwear 665,3.2,3,XXL,Women,2026-02-11 06:59:10,4033600.0
Jacket 666,3.9,3,S,Unisex,2026-02-11 06:59:10,4844000.0
Crewneck 667,3.7,3,M,Men,2026-02-11 06:59:10,1756640.0
T-shirt 668,3.7,3,L,Women,2026-02-11 06:59:10,5044640.0
Hoodie 669,3.3,3,XL,Unisex,2026-02-11 06:59:10,2346080.0
Pants 670,4.8,3,XXL,Men,2026-02-11 06:59:10,8406720.0
Jacket 672,4.5,3,M,Unisex,2026-02-11 06:59:10,4776160.0
Crewneck 673,4.7,3,L,Men,2026-02-11 06:59:10,2803360.0
T-shirt 674,3.1,3,XL,Women,2026-02-11 06:59:10,3156640.0
Hoodie 675,3.2,3,XXL,Unisex,2026-02-11 06:59:10,4314880.0
Outerwear 677,3.3,3,M,Women,2026-02-11 06:59:10,4657440.0
Jacket 678,4.3,3,L,Unisex,2026-02-11 06:59:10,2777120.0
Crewneck 679,3.2,3,XL,Men,2026-02-11 06:59:10,6373120.0
T-shirt 680,3.2,3,XXL,Women,2026-02-11 06:59:10,8164800.0
Pants 682,3.9,3,M,Men,2026-02-11 06:59:13,7616480.0
Outerwear 683,3.6,3,L,Women,2026-02-11 06:59:13,3907360.0
Jacket 684,3.5,3,XL,Unisex,2026-02-11 06:59:13,7102560.0
Crewneck 685,4.6,3,XXL,Men,2026-02-11 06:59:13,1495840.0
T-shirt 686,3.8,3,S,Women,2026-02-11 06:59:13,5381760.0
Hoodie 687,4.7,3,M,Unisex,2026-02-11 06:59:13,4220800.0
Pants 688,4.4,3,L,Men,2026-02-11 06:59:13,1487520.0
Outerwear 689,4.6,3,XL,Women,2026-02-11 06:59:13,1939040.0
Jacket 690,4.7,3,XXL,Unisex,2026-02-11 06:59:13,8782560.0
T-shirt 692,4.1,3,M,Women,2026-02-11 06:59:13,1416480.0
Hoodie 693,4.1,3,L,Unisex,2026-02-11 06:59:13,3031680.0
Pants 694,3.4,3,XL,Men,2026-02-11 06:59:13,2466720.0
Outerwear 695,3.3,3,XXL,Women,2026-02-11 06:59:13,959360.0
Jacket 696,4.2,3,S,Unisex,2026-02-11 06:59:13,5146240.0
Crewneck 697,5.0,3,M,Men,2026-02-11 06:59:13,6545120.0
T-shirt 698,4.1,3,L,Women,2026-02-11 06:59:13,2444960.0
Hoodie 699,4.5,3,XL,Unisex,2026-02-11 06:59:13,5250240.0
Pants 700,4.3,3,XXL,Men,2026-02-11 06:59:13,3526560.0
Jacket 702,4.3,3,M,Unisex,2026-02-11 06:59:15,4927680.0
Crewneck 703,4.2,3,L,Men,2026-02-11 06:59:15,2949120.0
T-shirt 704,4.1,3,XL,Women,2026-02-11 06:59:15,6214240.0
Hoodie 705,3.1,3,XXL,Unisex,2026-02-11 06:59:15,3042880.0
Outerwear 707,4.4,3,M,Women,2026-02-11 06:59:15,7746240.0
Jacket 708,4.3,3,L,Unisex,2026-02-11 06:59:15,8541280.0
Crewneck 709,3.9,3,XL,Men,2026-02-11 06:59:15,7022400.0
T-shirt 710,3.2,3,XXL,Women,2026-02-11 06:59:15,3751520.0
Pants 712,4.1,3,M,Men,2026-02-11 06:59:15,1510400.0
Outerwear 713,4.4,3,L,Women,2026-02-11 06:59:15,3142880.0
Jacket 714,3.1,3,XL,Unisex,2026-02-11 06:59:15,892320.0
Crewneck 715,3.9,3,XXL,Men,2026-02-11 06:59:15,7021760.0
T-shirt 716,4.9,3,S,Women,2026-02-11 06:59:15,3602560.0
Hoodie 717,3.6,3,M,Unisex,2026-02-11 06:59:15,1532800.0
Pants 718,3.2,3,L,Men,2026-02-11 06:59:15,4057120.0
Outerwear 719,4.7,3,XL,Women,2026-02-11 06:59:15,3172960.0
Jacket 720,3.8,3,XXL,Unisex,2026-02-11 06:59:15,2028320.0
T-shirt 722,3.2,3,M,Women,2026-02-11 06:59:18,8724320.0
Hoodie 723,3.4,3,L,Unisex,2026-02-11 06:59:18,5664800.0
Pants 724,4.7,3,XL,Men,2026-02-11 06:59:18,4824800.0
Outerwear 725,3.0,3,XXL,Women,2026-02-11 06:59:18,4979200.0
Jacket 726,3.5,3,S,Unisex,2026-02-11 06:59:18,6345920.0
Crewneck 727,4.8,3,M,Men,2026-02-11 06:59:18,4024000.0
T-shirt 728,3.0,3,L,Women,2026-02-11 06:59:18,8173440.0
Hoodie 729,3.6,3,XL,Unisex,2026-02-11 06:59:18,6431360.0
Pants 730,4.5,3,XXL,Men,2026-02-11 06:59:18,7228800.0
Jacket 732,3.9,3,M,Unisex,2026-02-11 06:59:18,6597600.0
Crewneck 733,4.7,3,L,Men,2026-02-11 06:59:18,1162880.0
T-shirt 734,4.2,3,XL,Women,2026-02-11 06:59:18,6858560.0
Hoodie 735,4.0,3,XXL,Unisex,2026-02-11 06:59:18,4664320.0
Outerwear 737,4.7,3,M,Women,2026-02-11 06:59:18,1015680.0
Jacket 738,3.7,3,L,Unisex,2026-02-11 06:59:18,1893920.0
Crewneck 739,3.3,3,XL,Men,2026-02-11 06:59:18,8072960.0
T-shirt 740,3.4,3,XXL,Women,2026-02-11 06:59:18,7016640.0
Pants 742,3.6,3,M,Men,2026-02-11 06:59:20,5626080.0
Outerwear 743,3.0,3,L,Women,2026-02-11 06:59:20,5678080.0
Jacket 744,4.1,3,XL,Unisex,2026-02-11 06:59:20,5175680.0
Crewneck 745,3.8,3,XXL,Men,2026-02-11 06:59:20,2882560.0
T-shirt 746,5.0,3,S,Women,2026-02-11 06:59:20,1517440.0
Hoodie 747,4.7,3,M,Unisex,2026-02-11 06:59:20,6326880.0
Pants 748,3.7,3,L,Men,2026-02-11 06:59:20,3134080.0
Outerwear 749,3.2,3,XL,Women,2026-02-11 06:59:20,2627360.0
Jacket 750,3.7,3,XXL,Unisex,2026-02-11 06:59:20,1030400.0000000001
T-shirt 752,3.8,3,M,Women,2026-02-11 06:59:20,7431520.0
Hoodie 753,4.8,3,L,Unisex,2026-02-11 06:59:20,8137600.0
Pants 754,3.1,3,XL,Men,2026-02-11 06:59:20,7229760.0
Outerwear 755,4.6,3,XXL,Women,2026-02-11 06:59:20,6910400.0
Jacket 756,3.1,3,S,Unisex,2026-02-11 06:59:20,7128000.0
Crewneck 757,4.4,3,M,Men,2026-02-11 06:59:20,7582720.0
T-shirt 758,3.1,3,L,Women,2026-02-11 06:59:20,6025920.0
Hoodie 759,4.7,3,XL,Unisex,2026-02-11 06:59:20,2779840.0
Pants 760,4.1,3,XXL,Men,2026-02-11 06:59:20,2191040.0
Jacket 762,4.9,3,M,Unisex,2026-02-11 06:59:23,4091840.0
Crewneck 763,3.9,3,L,Men,2026-02-11 06:59:23,5792640.0
T-shirt 764,3.4,3,XL,Women,2026-02-11 06:59:23,7211680.0
Hoodie 765,4.9,3,XXL,Unisex,2026-02-11 06:59:23,1343360.0
Outerwear 767,4.5,3,M,Women,2026-02-11 06:59:23,4152800.0
Jacket 768,4.9,3,L,Unisex,2026-02-11 06:59:23,5662080.0
Crewneck 769,3.3,3,XL,Men,2026-02-11 06:59:23,6294560.0
T-shirt 770,3.5,3,XXL,Women,2026-02-11 06:59:23,1655040.0
Pants 772,3.4,3,M,Men,2026-02-11 06:59:23,8748160.0
Outerwear 773,3.2,3,L,Women,2026-02-11 06:59:23,3393600.0
Jacket 774,4.1,3,XL,Unisex,2026-02-11 06:59:23,1485760.0
Crewneck 775,3.1,3,XXL,Men,2026-02-11 06:59:23,8189440.0
T-shirt 776,3.7,3,S,Women,2026-02-11 06:59:23,5333120.0
Hoodie 777,3.4,3,M,Unisex,2026-02-11 06:59:23,6104800.0
Pants 778,4.2,3,L,Men,2026-02-11 06:59:23,6034720.0
Outerwear 779,3.2,3,XL,Women,2026-02-11 06:59:23,5816480.0
Jacket 780,3.4,3,XXL,Unisex,2026-02-11 06:59:23,2767520.0
T-shirt 782,4.5,3,M,Women,2026-02-11 06:59:25,4117439.9999999995
Hoodie 783,3.0,3,L,Unisex,2026-02-11 06:59:25,2510720.0
Pants 784,3.0,3,XL,Men,2026-02-11 06:59:25,5341280.0
Outerwear 785,4.3,3,XXL,Women,2026-02-11 06:59:25,6444480.0
Jacket 786,5.0,3,S,Unisex,2026-02-11 06:59:25,6749280.0
Crewneck 787,4.7,3,M,Men,2026-02-11 06:59:25,4593600.0
T-shirt 788,4.7,3,L,Women,2026-02-11 06:59:25,3041120.0
Hoodie 789,4.0,3,XL,Unisex,2026-02-11 06:59:25,2153280.0
Pants 790,3.2,3,XXL,Men,2026-02-11 06:59:25,1708320.0
Jacket 792,3.8,3,M,Unisex,2026-02-11 06:59:25,4068960.0
Crewneck 793,4.0,3,L,Men,2026-02-11 06:59:25,8650080.0
T-shirt 794,4.0,3,XL,Women,2026-02-11 06:59:25,5983040.0
Hoodie 795,3.9,3,XXL,Unisex,2026-02-11 06:59:25,4209600.0
Outerwear 797,4.9,3,M,Women,2026-02-11 06:59:25,2771360.0
Jacket 798,3.4,3,L,Unisex,2026-02-11 06:59:25,4391040.0
Crewneck 799,4.2,3,XL,Men,2026-02-11 06:59:25,4048800.0
T-shirt 800,4.6,3,XXL,Women,2026-02-11 06:59:25,7433280.0
Pants 802,4.4,3,M,Men,2026-02-11 06:59:28,5710240.0
Outerwear 803,4.3,3,L,Women,2026-02-11 06:59:28,1875360.0
Jacket 804,3.9,3,XL,Unisex,2026-02-11 06:59:28,4459040.0
Crewneck 805,4.8,3,XXL,Men,2026-02-11 06:59:28,3266720.0
T-shirt 806,3.0,3,S,Women,2026-02-11 06:59:28,7310560.0
Hoodie 807,4.7,3,M,Unisex,2026-02-11 06:59:28,5016000.0
Pants 808,3.2,3,L,Men,2026-02-11 06:59:28,8717760.0
Outerwear 809,3.7,3,XL,Women,2026-02-11 06:59:28,7162560.0
Jacket 810,4.8,3,XXL,Unisex,2026-02-11 06:59:28,3796640.0
T-shirt 812,4.2,3,M,Women,2026-02-11 06:59:28,6406080.0
Hoodie 813,5.0,3,L,Unisex,2026-02-11 06:59:28,4872800.0
Pants 814,4.7,3,XL,Men,2026-02-11 06:59:28,1110080.0
Outerwear 815,4.8,3,XXL,Women,2026-02-11 06:59:28,5985440.0
Jacket 816,4.5,3,S,Unisex,2026-02-11 06:59:28,1649120.0
Crewneck 817,4.4,3,M,Men,2026-02-11 06:59:28,8744160.0
T-shirt 818,3.8,3,L,Women,2026-02-11 06:59:28,5160320.0
Hoodie 819,4.7,3,XL,Unisex,2026-02-11 06:59:28,4742400.0
Pants 820,3.4,3,XXL,Men,2026-02-11 06:59:28,6030720.0
Jacket 822,4.2,3,M,Unisex,2026-02-11 06:59:30,838240.0
Crewneck 823,4.7,3,L,Men,2026-02-11 06:59:30,6103520.0
T-shirt 824,4.1,3,XL,Women,2026-02-11 06:59:30,3301440.0
Hoodie 825,3.8,3,XXL,Unisex,2026-02-11 06:59:30,1058400.0
Outerwear 827,4.8,3,M,Women,2026-02-11 06:59:30,7091040.0
Jacket 828,4.6,3,L,Unisex,2026-02-11 06:59:30,2324000.0
Crewneck 829,4.4,3,XL,Men,2026-02-11 06:59:30,4630400.0
T-shirt 830,3.0,3,XXL,Women,2026-02-11 06:59:30,4496480.0
Pants 832,4.6,3,M,Men,2026-02-11 06:59:30,3955360.0
Outerwear 833,3.0,3,L,Women,2026-02-11 06:59:30,7101280.0
Jacket 834,3.1,3,XL,Unisex,2026-02-11 06:59:30,7223680.0
Crewneck 835,3.9,3,XXL,Men,2026-02-11 06:59:30,7143360.0
T-shirt 836,4.1,3,S,Women,2026-02-11 06:59:30,6065440.0
Hoodie 837,5.0,3,M,Unisex,2026-02-11 06:59:30,5532640.0
Pants 838,3.1,3,L,Men,2026-02-11 06:59:30,2848800.0
Outerwear 839,3.9,3,XL,Women,2026-02-11 06:59:30,4208320.0
Jacket 840,3.6,3,XXL,Unisex,2026-02-11 06:59:30,8164640.0
T-shirt 842,3.3,3,M,Women,2026-02-11 06:59:33,2859040.0
Hoodie 843,3.6,3,L,Unisex,2026-02-11 06:59:33,2997120.0
Pants 844,3.9,3,XL,Men,2026-02-11 06:59:33,7422880.0
Outerwear 845,3.2,3,XXL,Women,2026-02-11 06:59:33,2023200.0
Jacket 846,3.6,3,S,Unisex,2026-02-11 06:59:33,7480480.0
Crewneck 847,3.7,3,M,Men,2026-02-11 06:59:33,4789920.0
T-shirt 848,4.1,3,L,Women,2026-02-11 06:59:33,6134240.0
Hoodie 849,3.5,3,XL,Unisex,2026-02-11 06:59:33,7816160.0
Pants 850,4.2,3,XXL,Men,2026-02-11 06:59:33,4144160.0
Jacket 852,4.1,3,M,Unisex,2026-02-11 06:59:33,2777280.0
Crewneck 853,3.4,3,L,Men,2026-02-11 06:59:33,2643840.0
T-shirt 854,4.5,3,XL,Women,2026-02-11 06:59:33,1600000.0
Hoodie 855,5.0,3,XXL,Unisex,2026-02-11 06:59:33,3249760.0
Outerwear 857,3.0,3,M,Women,2026-02-11 06:59:33,4532800.0
Jacket 858,3.7,3,L,Unisex,2026-02-11 06:59:33,3748640.0
Crewneck 859,3.0,3,XL,Men,2026-02-11 06:59:33,6418560.0
T-shirt 860,4.7,3,XXL,Women,2026-02-11 06:59:33,2419360.0
Pants 862,3.3,3,M,Men,2026-02-11 06:59:36,4131359.9999999995
Outerwear 863,4.0,3,L,Women,2026-02-11 06:59:36,1071360.0
Jacket 864,4.5,3,XL,Unisex,2026-02-11 06:59:36,2168000.0
Crewneck 865,3.9,3,XXL,Men,2026-02-11 06:59:36,6805120.0
T-shirt 866,3.2,3,S,Women,2026-02-11 06:59:36,2399040.0
Hoodie 867,3.3,3,M,Unisex,2026-02-11 06:59:36,1303840.0
Pants 868,4.6,3,L,Men,2026-02-11 06:59:36,7473760.0
Outerwear 869,4.5,3,XL,Women,2026-02-11 06:59:36,6040320.0
Jacket 870,3.5,3,XXL,Unisex,2026-02-11 06:59:36,6395040.0
T-shirt 872,4.3,3,M,Women,2026-02-11 06:59:36,1343680.0
Hoodie 873,4.8,3,L,Unisex,2026-02-11 06:59:36,8321600.0
Pants 874,4.4,3,XL,Men,2026-02-11 06:59:36,2755200.0
Outerwear 875,4.6,3,XXL,Women,2026-02-11 06:59:36,2506720.0
Jacket 876,4.6,3,S,Unisex,2026-02-11 06:59:36,3225760.0
Crewneck 877,4.6,3,M,Men,2026-02-11 06:59:36,4552640.0
T-shirt 878,4.7,3,L,Women,2026-02-11 06:59:36,4809760.0
Hoodie 879,3.1,3,XL,Unisex,2026-02-11 06:59:36,1026880.0000000001
Pants 880,4.3,3,XXL,Men,2026-02-11 06:59:36,6497760.0
Jacket 882,3.3,3,M,Unisex,2026-02-11 06:59:38,6420960.0
Crewneck 883,3.6,3,L,Men,2026-02-11 06:59:38,5901120.0
T-shirt 884,4.3,3,XL,Women,2026-02-11 06:59:38,7414720.0
Hoodie 885,3.4,3,XXL,Unisex,2026-02-11 06:59:38,4760640.0
Outerwear 887,3.8,3,M,Women,2026-02-11 06:59:38,7806400.0
Jacket 888,4.2,3,L,Unisex,2026-02-11 06:59:38,7869280.0
Crewneck 889,4.6,3,XL,Men,2026-02-11 06:59:38,6333920.0
T-shirt 890,4.7,3,XXL,Women,2026-02-11 06:59:38,6439040.0
Pants 892,4.4,3,M,Men,2026-02-11 06:59:38,8515360.0
Outerwear 893,3.2,3,L,Women,2026-02-11 06:59:38,2673600.0
Jacket 894,4.8,3,XL,Unisex,2026-02-11 06:59:38,2946560.0
Crewneck 895,4.3,3,XXL,Men,2026-02-11 06:59:38,1126720.0
T-shirt 896,4.9,3,S,Women,2026-02-11 06:59:38,7873760.0
Hoodie 897,3.1,3,M,Unisex,2026-02-11 06:59:38,6077920.0
Pants 898,4.1,3,L,Men,2026-02-11 06:59:38,8408640.0
Outerwear 899,4.8,3,XL,Women,2026-02-11 06:59:38,6192960.0
Jacket 900,3.3,3,XXL,Unisex,2026-02-11 06:59:38,7214240.0
T-shirt 902,3.6,3,M,Women,2026-02-11 06:59:41,3164000.0
Hoodie 903,4.1,3,L,Unisex,2026-02-11 06:59:41,2617920.0
Pants 904,3.9,3,XL,Men,2026-02-11 06:59:41,3356320.0
Outerwear 905,4.9,3,XXL,Women,2026-02-11 06:59:41,5027840.0
Jacket 906,3.9,3,S,Unisex,2026-02-11 06:59:41,4301760.0
Crewneck 907,4.9,3,M,Men,2026-02-11 06:59:41,8732640.0
T-shirt 908,4.2,3,L,Women,2026-02-11 06:59:41,7954880.0
Hoodie 909,3.6,3,XL,Unisex,2026-02-11 06:59:41,8383840.0
Pants 910,4.7,3,XXL,Men,2026-02-11 06:59:41,2395200.0
Jacket 912,4.9,3,M,Unisex,2026-02-11 06:59:41,7853280.0
Crewneck 913,3.5,3,L,Men,2026-02-11 06:59:41,3222240.0
T-shirt 914,4.6,3,XL,Women,2026-02-11 06:59:41,5799200.0
Hoodie 915,4.2,3,XXL,Unisex,2026-02-11 06:59:41,2649120.0
Outerwear 917,4.0,3,M,Women,2026-02-11 06:59:41,6061600.0
Jacket 918,3.3,3,L,Unisex,2026-02-11 06:59:41,5380800.0
Crewneck 919,4.7,3,XL,Men,2026-02-11 06:59:41,8364000.0
T-shirt 920,3.2,3,XXL,Women,2026-02-11 06:59:41,3706080.0
Pants 922,4.4,3,M,Men,2026-02-11 06:59:44,1210880.0
Outerwear 923,3.7,3,L,Women,2026-02-11 06:59:44,2435840.0
Jacket 924,3.8,3,XL,Unisex,2026-02-11 06:59:44,3764320.0
Crewneck 925,4.5,3,XXL,Men,2026-02-11 06:59:44,7900800.0
T-shirt 926,4.6,3,S,Women,2026-02-11 06:59:44,1911040.0
Hoodie 927,3.5,3,M,Unisex,2026-02-11 06:59:44,7706400.0
Pants 928,3.4,3,L,Men,2026-02-11 06:59:44,3911680.0
Outerwear 929,3.3,3,XL,Women,2026-02-11 06:59:44,1253440.0
Jacket 930,4.9,3,XXL,Unisex,2026-02-11 06:59:44,1741120.0
T-shirt 932,4.2,3,M,Women,2026-02-11 06:59:44,5937600.0
Hoodie 933,3.4,3,L,Unisex,2026-02-11 06:59:44,4960800.0
Pants 934,3.6,3,XL,Men,2026-02-11 06:59:44,2248160.0
Outerwear 935,4.1,3,XXL,Women,2026-02-11 06:59:44,6048000.0
Jacket 936,3.1,3,S,Unisex,2026-02-11 06:59:44,6165440.0
Crewneck 937,4.1,3,M,Men,2026-02-11 06:59:44,2475360.0
T-shirt 938,3.6,3,L,Women,2026-02-11 06:59:44,4058400.0
Hoodie 939,4.8,3,XL,Unisex,2026-02-11 06:59:44,4466080.0
Pants 940,3.7,3,XXL,Men,2026-02-11 06:59:44,5776000.0
Jacket 942,3.0,3,M,Unisex,2026-02-11 06:59:46,7972960.0
Crewneck 943,4.4,3,L,Men,2026-02-11 06:59:46,4571040.0
T-shirt 944,4.6,3,XL,Women,2026-02-11 06:59:46,1578240.0
Hoodie 945,4.2,3,XXL,Unisex,2026-02-11 06:59:46,2107680.0
Outerwear 947,4.6,3,M,Women,2026-02-11 06:59:46,7079680.0
Jacket 948,3.9,3,L,Unisex,2026-02-11 06:59:46,4600480.0
Crewneck 949,4.4,3,XL,Men,2026-02-11 06:59:46,1844320.0
T-shirt 950,4.9,3,XXL,Women,2026-02-11 06:59:46,7691680.0
Pants 952,3.7,3,M,Men,2026-02-11 06:59:46,7155040.0
Outerwear 953,3.8,3,L,Women,2026-02-11 06:59:46,8423200.0
Jacket 954,4.1,3,XL,Unisex,2026-02-11 06:59:46,3878720.0
Crewneck 955,4.7,3,XXL,Men,2026-02-11 06:59:46,7006560.0
T-shirt 956,3.1,3,S,Women,2026-02-11 06:59:46,4457600.0
Hoodie 957,4.4,3,M,Unisex,2026-02-11 06:59:46,4024320.0
Pants 958,4.8,3,L,Men,2026-02-11 06:59:46,3946240.0
Outerwear 959,4.6,3,XL,Women,2026-02-11 06:59:46,6828480.0
Jacket 960,4.5,3,XXL,Unisex,2026-02-11 06:59:46,5840160.0
T-shirt 962,4.1,3,M,Women,2026-02-11 06:59:49,2887840.0
Hoodie 963,4.6,3,L,Unisex,2026-02-11 06:59:49,7916160.0
Pants 964,3.3,3,XL,Men,2026-02-11 06:59:49,3885280.0
Outerwear 965,4.5,3,XXL,Women,2026-02-11 06:59:49,3107200.0
Jacket 966,4.9,3,S,Unisex,2026-02-11 06:59:49,8499520.0
Crewneck 967,3.5,3,M,Men,2026-02-11 06:59:49,1744000.0
T-shirt 968,4.4,3,L,Women,2026-02-11 06:59:49,4045120.0
Hoodie 969,3.8,3,XL,Unisex,2026-02-11 06:59:49,4231840.0
Pants 970,4.6,3,XXL,Men,2026-02-11 06:59:49,952960.0
Jacket 972,4.4,3,M,Unisex,2026-02-11 06:59:49,7272000.0
Crewneck 973,3.9,3,L,Men,2026-02-11 06:59:49,7134400.0
T-shirt 974,3.0,3,XL,Women,2026-02-11 06:59:49,4769280.0
Hoodie 975,3.6,3,XXL,Unisex,2026-02-11 06:59:49,4816000.0
Outerwear 977,3.6,3,M,Women,2026-02-11 06:59:49,3356000.0
Jacket 978,3.6,3,L,Unisex,2026-02-11 06:59:49,3918240.0
Crewneck 979,3.4,3,XL,Men,2026-02-11 06:59:49,4848480.0
T-shirt 980,3.1,3,XXL,Women,2026-02-11 06:59:49,6544000.0
Pants 982,4.9,3,M,Men,2026-02-11 06:59:51,7281760.0
Outerwear 983,3.2,3,L,Women,2026-02-11 06:59:51,5762560.0
Jacket 984,3.8,3,XL,Unisex,2026-02-11 06:59:51,7349440.0
Crewneck 985,4.3,3,XXL,Men,2026-02-11 06:59:51,6236000.0
T-shirt 986,4.5,3,S,Women,2026-02-11 06:59:51,6713760.0
Hoodie 987,4.7,3,M,Unisex,2026-02-11 06:59:51,4008000.0
Pants 988,3.5,3,L,Men,2026-02-11 06:59:51,2054239.9999999998
Outerwear 989,4.2,3,XL,Women,2026-02-11 06:59:51,6869440.0
Jacket 990,4.2,3,XXL,Unisex,2026-02-11 06:59:51,3327360.0
T-shirt 992,4.9,3,M,Women,2026-02-11 06:59:51,4840480.0
Hoodie 993,3.4,3,L,Unisex,2026-02-11 06:59:51,6361920.0
Pants 994,4.4,3,XL,Men,2026-02-11 06:59:51,1693760.0
Outerwear 995,3.2,3,XXL,Women,2026-02-11 06:59:51,8046720.0
Jacket 996,4.3,3,S,Unisex,2026-02-11 06:59:51,6942400.0
Crewneck 997,3.9,3,M,Men,2026-02-11 06:59:51,5321280.0
T-shirt 998,4.2,3,L,Women,2026-02-11 06:59:51,908000.0
Hoodie 999,4.8,3,XL,Unisex,2026-02-11 06:59:51,8534240.0
Pants 1000,4.7,3,XXL,Men,2026-02-11 06:59:51,2938240.0
